rowID,Mol ID,SMILES,Atom ID,Aromatic,Strained,C_Mulliken Charge,AtomDegree,C_Effective Atom Polarizability,C_Partial Pi Charge ,C_Pi Electronegativity,C_SigmaElectonegativity,Hybridization,H_mulliken_charge,H_Effective Atom Polarizability,H_sigmaElectroNegativityDescriptor,NWChem,Avg_NWChem,BondLength,Exp1JCH,SigmaDeltaTheta,SigmaAbsDelthaTheta,Omega,MaxDeltaTheta
1,101_NWChem_1JCH_mulliken,[H]C1=C([H])C2([H])(C([H])([H])C1([H])C2([H])([H])),a7,FALSE,TRUE,6.20195,2,6.642,0,0,7.611835616,SP3,0.89433,4.0465,7.342112759,132.596,132.596,1.093074467,132.7,12.19033693,44.02902105,121.4544938,28.10967899
2,101_NWChem_1JCH_mulliken,[H]C1=C([H])C2([H])(C([H])([H])C1([H])C2([H])([H])),a8,FALSE,TRUE,6.20195,2,6.642,0,0,7.611835616,SP3,0.88821,4.0465,7.342112759,144.8073,144.8073,1.091098897,144.1,20.4268615,35.79249648,127.4047448,28.10967899
3,101_NWChem_1JCH_mulliken,[H]C1=C([H])C2([H])(C([H])([H])C1([H])C2([H])([H])),a9,FALSE,TRUE,6.09739,3,7.327,0,0,7.780462193,SP3,0.89297,4.389,7.383541955,153.5552,153.5552,1.088599898,155,42.39415161,42.39415161,137.1549086,23.91933287
4,102_NWChem_1JCH_mulliken,[H]C1=C([H])C2([H])(C3([H])(C1([H])C23([H]))),a8,FALSE,TRUE,6.10157,3,6.94,0,0,7.837400545,SP3,0.89159,4.1955,7.386983846,168.3061,168.3061,1.082338244,168.8,54.69755332,54.69755332,124.9892777,52.99433913
5,102_NWChem_1JCH_mulliken,[H]C1=C([H])C2([H])(C3([H])(C1([H])C23([H]))),a12,FALSE,TRUE,6.10924,3,6.787,0,0,7.760344158,SP3,0.89033,4.119,7.36616056,206.3418,206.4379,1.07979257,205.2,115.3729811,115.3729811,145.0742355,47.71180619
6,102_NWChem_1JCH_mulliken,[H]C1=C([H])C2([H])(C3([H])(C1([H])C23([H]))),a7,FALSE,TRUE,6.10911,3,6.787,0,0,7.760344158,SP3,0.8904,4.119,7.36616056,206.534,206.4379,1.079750795,205.2,115.348608,115.348608,145.1939543,47.70385469
7,136_NWChem_1JCH_mulliken,[H]c1c([H])c([H])c2c(c1([H]))C2([H])([H]),11,FALSE,TRUE,6.26279,2,6.94725,0,0,7.962751845,SP3,0.88392,4.199125,7.39489816,170.0462,170.06625,1.089535732,170,36.27214165,76.19249354,123.3589686,56.23231759
8,136_NWChem_1JCH_mulliken,[H]c1c([H])c([H])c2c(c1([H]))C2([H])([H]),12,FALSE,TRUE,6.26279,2,6.94725,0,0,7.962751845,SP3,0.88389,4.199125,7.39489816,170.0863,170.06625,1.089531931,170,36.28085228,76.18378291,123.3640479,56.23231759
9,137_NWChem_1JCH_mulliken,[H]c1c([H])c([H])c2c(c1([H]))C([H])([H])C2([H])([H]),13,FALSE,TRUE,6.25138,2,7.1209375,0,0,7.76597117,SP3,0.89079,4.28596875,7.366871865,137.3276,137.33695,1.092350426,138,11.74176859,34.34489414,125.5978291,23.04333137
10,137_NWChem_1JCH_mulliken,[H]c1c([H])c([H])c2c(c1([H]))C([H])([H])C2([H])([H]),12,FALSE,TRUE,6.25138,2,7.1209375,0,0,7.76597117,SP3,0.89078,4.28596875,7.366871865,137.3463,137.33695,1.092336193,138,11.74898043,34.3376823,125.6031988,23.04333137
11,14_NWChem_1JCH_mulliken,[H]C1([H])(C([H])([H])C([H])([H])C2([H])(C([H])([H])C2([H])(C1([H])([H])))),a19,FALSE,TRUE,6.25895,2,6.5295,0,0,7.555804416,SP3,0.90628,3.99025,7.337486155,157.1217,158.54945,1.084600835,158,31.1279101,67.14225948,122.4370532,49.13508479
12,14_NWChem_1JCH_mulliken,[H]C1([H])(C([H])([H])C([H])([H])C2([H])(C([H])([H])C2([H])(C1([H])([H])))),a16,FALSE,TRUE,6.08445,3,7.42425,0,0,7.637830362,SP3,0.88478,4.437625,7.357526537,158.4431,159.1736,1.085497129,160,26.68925139,72.14079121,119.7143902,49.4150213
13,14_NWChem_1JCH_mulliken,[H]C1([H])(C([H])([H])C([H])([H])C2([H])(C([H])([H])C2([H])(C1([H])([H])))),a17,FALSE,TRUE,6.08964,3,7.42425,0,0,7.637830362,SP3,0.88368,4.437625,7.357526537,159.9041,159.1736,1.084493946,160,28.48879639,71.23099143,119.748841,49.85989391
14,14_NWChem_1JCH_mulliken,[H]C1([H])(C([H])([H])C([H])([H])C2([H])(C([H])([H])C2([H])(C1([H])([H])))),a18,FALSE,TRUE,6.25895,2,6.5295,0,0,7.555804416,SP3,0.88159,3.99025,7.337486155,159.9772,158.54945,1.083498249,158,32.813981,65.45618857,123.4661724,49.13508479
15,15_NWChem_1JCH_mulliken,[H]C1([H])(C([H])([H])C2([H])(C([H])([H])C12([H]))),a9,FALSE,TRUE,6.20837,2,5.90075,0,0,7.530418288,SP3,0.89758,3.675875,7.335954519,135.0929,135.2793,1.093600036,140,13.91107889,26.23020345,128.6787005,20.07064117
16,15_NWChem_1JCH_mulliken,[H]C1([H])(C([H])([H])C2([H])(C([H])([H])C12([H]))),a7,FALSE,TRUE,6.20743,2,5.90075,0,0,7.530418288,SP3,0.89761,3.675875,7.335954519,135.1703,135.2793,1.093609046,140,14.1179413,25.99428366,128.8445079,20.05611248
17,15_NWChem_1JCH_mulliken,[H]C1([H])(C([H])([H])C2([H])(C([H])([H])C12([H]))),a6,FALSE,TRUE,6.20743,2,5.90075,0,0,7.530418288,SP3,0.89782,3.675875,7.335954519,135.3687,135.2793,1.090469444,140,6.057349759,34.0548752,122.4717187,20.05611248
18,15_NWChem_1JCH_mulliken,[H]C1([H])(C([H])([H])C2([H])(C([H])([H])C12([H]))),a8,FALSE,TRUE,6.20837,2,5.90075,0,0,7.530418288,SP3,0.89762,3.675875,7.335954519,135.4853,135.2793,1.090424512,140,6.270184597,33.87109774,122.637456,20.07064117
19,15_NWChem_1JCH_mulliken,[H]C1([H])(C([H])([H])C2([H])(C([H])([H])C12([H]))),a13,FALSE,TRUE,6.22105,2,5.804,0,0,7.55580554,SP3,0.8853,3.6275,7.337486155,153.4531,158.75145,1.084080731,160,26.45425199,69.71837078,119.8415469,48.08631138
20,15_NWChem_1JCH_mulliken,[H]C1([H])(C([H])([H])C2([H])(C([H])([H])C12([H]))),a12,FALSE,TRUE,6.22105,2,5.804,0,0,7.55580554,SP3,0.90183,3.6275,7.337486155,164.0498,158.75145,1.087251611,160,36.35742007,59.81520269,125.9066523,48.08631138
21,15_NWChem_1JCH_mulliken,[H]C1([H])(C([H])([H])C2([H])(C([H])([H])C12([H]))),a10,FALSE,TRUE,6.10273,3,6.336,0,0,7.637894788,SP3,0.88998,3.8935,7.357526905,178.0699,178.10585,1.082485621,176,68.1751485,69.90960624,131.3825023,50.16483442
22,15_NWChem_1JCH_mulliken,[H]C1([H])(C([H])([H])C2([H])(C([H])([H])C12([H]))),a11,FALSE,TRUE,6.10265,3,6.336,0,0,7.637894788,SP3,0.89003,3.8935,7.357526905,178.1418,178.10585,1.082469395,176,68.26228122,69.80728231,131.4203415,50.1588542
23,16_NWChem_1JCH_mulliken,[H]C1([H])(C([H])([H])C2([H])(C([H])([H])C2([H])(C1([H])([H])))),a15,FALSE,TRUE,6.25249,2,6.16675,0,0,7.555804416,SP3,0.88034,3.808875,7.337486155,157.965,158.88635,1.083252761,161,29.54105607,68.98455145,121.6391698,49.26280376
24,16_NWChem_1JCH_mulliken,[H]C1([H])(C([H])([H])C2([H])(C([H])([H])C2([H])(C1([H])([H])))),a16,FALSE,TRUE,6.25249,2,6.16675,0,0,7.555804416,SP3,0.90404,3.808875,7.337486155,159.8077,158.88635,1.084381295,161,34.22546009,64.30014743,124.4873821,49.26280376
25,16_NWChem_1JCH_mulliken,[H]C1([H])(C([H])([H])C2([H])(C([H])([H])C2([H])(C1([H])([H])))),a13,FALSE,TRUE,6.09319,3,7.0615,0,0,7.637830922,SP3,0.88611,4.25625,7.357526537,166.6514,166.6777,1.083618999,166,42.70495633,59.28722887,124.4625047,49.57895067
26,16_NWChem_1JCH_mulliken,[H]C1([H])(C([H])([H])C2([H])(C([H])([H])C2([H])(C1([H])([H])))),a14,FALSE,TRUE,6.09313,3,7.0615,0,0,7.637830922,SP3,0.8861,4.25625,7.357526537,166.704,166.6777,1.083620971,166,42.76014277,59.2052507,124.5074265,49.56824557
27,17_NWChem_1JCH_mulliken,[H]C1([H])(C2([H])(C([H])([H])C12([H]))),a6,FALSE,TRUE,6.19792,2,5.0785,0,0,7.555933592,SP3,0.89522,3.26475,7.337486894,151.6498,151.6498,1.08609823,153,30.15641722,69.49261732,121.3673713,49.82451727
28,17_NWChem_1JCH_mulliken,[H]C1([H])(C2([H])(C([H])([H])C12([H]))),a5,FALSE,TRUE,6.19792,2,5.0785,0,0,7.555933592,SP3,0.89825,3.26475,7.337486894,170.7744,170.7744,1.090458816,169,35.07308712,64.57594743,124.3437292,49.82451727
29,17_NWChem_1JCH_mulliken,[H]C1([H])(C2([H])(C([H])([H])C12([H]))),a7,FALSE,TRUE,6.12059,3,5.6105,0,0,7.640089676,SP3,0.88801,3.53075,7.357570073,208.7707,208.7707,1.077071949,205,109.4050567,109.4050567,137.4112275,49.29274136
30,20_NWChem_1JCH_mulliken,[H]C2([H])(C1([H])(C3([H])(C1([H])C4([H])(C2([H])C34([H]))))),a8,FALSE,TRUE,6.10954,3,7.30325,0,0,7.672432902,SP3,0.88557,4.377125,7.359239177,166.8517,166.8517,1.082664416,166,47.36785099,51.65415659,124.038572,49.51100379
31,20_NWChem_1JCH_mulliken,[H]C2([H])(C1([H])(C3([H])(C1([H])C4([H])(C2([H])C34([H]))))),a9,FALSE,TRUE,6.12008,3,7.2065,0,0,7.697921315,SP3,0.88985,4.32875,7.360777876,184.8511,184.8511,1.080257262,185,74.00087051,74.00087051,134.0932931,49.44949811
32,21_NWChem_1JCH_mulliken,[H]C1([H])(C2([H])(C([H])([H])C1([H])C2([H])([H]))),a11,FALSE,TRUE,6.20945,2,5.804,0,0,7.551792927,SP3,0.89782,3.6275,7.337401928,144.1699,144.1728667,1.092360761,144,20.86063203,49.47708036,124.2085181,35.1688562
33,21_NWChem_1JCH_mulliken,[H]C1([H])(C2([H])(C([H])([H])C1([H])C2([H])([H]))),a8,FALSE,TRUE,6.20945,2,5.804,0,0,7.551792927,SP3,0.89782,3.6275,7.337401928,144.1701,144.1728667,1.092360758,144,20.86063246,49.4770799,124.2085185,35.16885618
34,21_NWChem_1JCH_mulliken,[H]C1([H])(C2([H])(C([H])([H])C1([H])C2([H])([H]))),a12,FALSE,TRUE,6.20945,2,5.804,0,0,7.551792927,SP3,0.89782,3.6275,7.337401928,144.1702,144.1728667,1.092360753,144,20.86063319,49.47707962,124.2085183,35.1688564
35,21_NWChem_1JCH_mulliken,[H]C1([H])(C2([H])(C([H])([H])C1([H])C2([H])([H]))),a10,FALSE,TRUE,6.20945,2,5.804,0,0,7.551792927,SP3,0.89781,3.6275,7.337401928,144.1756,144.1728667,1.092342138,144,20.86423498,49.47347741,124.2109614,35.1688562
36,21_NWChem_1JCH_mulliken,[H]C1([H])(C2([H])(C([H])([H])C1([H])C2([H])([H]))),a7,FALSE,TRUE,6.20945,2,5.804,0,0,7.551792927,SP3,0.89781,3.6275,7.337401928,144.1757,144.1728667,1.092342141,144,20.86423442,49.47347794,124.2109611,35.16885618
37,21_NWChem_1JCH_mulliken,[H]C1([H])(C2([H])(C([H])([H])C1([H])C2([H])([H]))),a13,FALSE,TRUE,6.20945,2,5.804,0,0,7.551792927,SP3,0.89781,3.6275,7.337401928,144.1757,144.1728667,1.09234214,144,20.86423477,49.47347804,124.2109607,35.1688564
38,21_NWChem_1JCH_mulliken,[H]C1([H])(C2([H])(C([H])([H])C1([H])C2([H])([H]))),a6,FALSE,TRUE,6.0935,3,6.43275,0,0,7.616471984,SP3,0.89887,3.941875,7.356075441,163.2186,163.2186,1.09029215,164,66.50270867,66.50270867,146.5788994,22.16756969
39,22_NWChem_1JCH_mulliken,[H]C1([H])(C([H])([H])C2([H])(C3([H])(C([H])(C1([H])([H]))C23([H])))),a9,FALSE,TRUE,6.06849,3,7.134,0,0,7.670039413,SP3,0.89336,4.2925,7.359194836,153.3308,153.3308,1.087862253,156,29.01730184,70.9332338,119.4457411,49.97526782
40,22_NWChem_1JCH_mulliken,[H]C1([H])(C([H])([H])C2([H])(C3([H])(C([H])(C1([H])([H]))C23([H])))),a8,FALSE,TRUE,6.16186,3,7.03725,0,0,7.695578371,SP3,0.88254,4.244125,7.360733584,203.8092,204.30925,1.07836636,205,109.2409353,109.2409353,137.4757303,48.93034226
41,22_NWChem_1JCH_mulliken,[H]C1([H])(C([H])([H])C2([H])(C3([H])(C([H])(C1([H])([H]))C23([H])))),a15,FALSE,TRUE,6.18312,3,7.03725,0,0,7.695578371,SP3,0.88444,4.244125,7.360733584,204.8093,204.30925,1.077987857,205,111.1400242,111.1400242,137.5174051,49.50438992
42,23_NWChem_1JCH_mulliken,[H]C1([H])(C([H])([H])C2([H])(C3([H])(C1([H])C23([H])))),a7,FALSE,TRUE,6.08439,3,6.77125,0,0,7.670103377,SP3,0.89053,4.111125,7.359195205,164.5663,164.5663,1.084082571,163,49.25523452,52.58695839,124.7715626,50.92109646
43,23_NWChem_1JCH_mulliken,[H]C1([H])(C([H])([H])C2([H])(C3([H])(C1([H])C23([H])))),a8,FALSE,TRUE,6.15228,3,6.6745,0,0,7.695579504,SP3,0.88732,4.06275,7.360733584,215.5743,215.5743,1.076107595,212,115.4558907,115.4558907,143.0826866,48.76350682
44,24_NWChem_1JCH_mulliken,[H]C1([H])(C2([H])(C3([H])(C1([H])C23([H])))),a7,FALSE,TRUE,6.13268,3,5.949,0,0,7.695709614,SP3,0.89393,3.7,7.360734328,225.7716,225.77865,1.074352166,212,125.3969489,125.3969489,149.9220824,47.91594533
45,24_NWChem_1JCH_mulliken,[H]C1([H])(C2([H])(C3([H])(C1([H])C23([H])))),a11,FALSE,TRUE,6.13268,3,5.949,0,0,7.695709614,SP3,0.89393,3.7,7.360734328,225.7857,225.77865,1.074356598,212,125.401185,125.401185,149.9255438,47.91740221
46,25_NWChem_1JCH_mulliken,[H]C([H])([H])C1([H])(C2([H])(C1([H])C3([H])(C4([H])(C2([H])C34([H]))))),a15,FALSE,TRUE,6.0427,3,7.49675,0,0,7.644607641,SP3,0.88012,4.473875,7.357665243,160.3536,160.3536,1.086286849,161.2,28.64790426,70.19679955,119.9872472,49.42235191
47,25_NWChem_1JCH_mulliken,[H]C([H])([H])C1([H])(C2([H])(C1([H])C3([H])(C4([H])(C2([H])C34([H]))))),a10,FALSE,TRUE,6.08921,3,7.520875,0,0,7.70013377,SP3,0.88871,4.4859375,7.36082143,166.0088,166.00885,1.083725929,165,50.40826373,52.59457728,124.7050465,51.5014205
48,25_NWChem_1JCH_mulliken,[H]C([H])([H])C1([H])(C2([H])(C1([H])C3([H])(C4([H])(C2([H])C34([H]))))),a8,FALSE,TRUE,6.08921,3,7.520875,0,0,7.70013377,SP3,0.88871,4.4859375,7.36082143,166.0089,166.00885,1.083727263,165,50.40850469,52.59458914,124.7050695,51.50154692
49,25_NWChem_1JCH_mulliken,[H]C([H])([H])C1([H])(C2([H])(C1([H])C3([H])(C4([H])(C2([H])C34([H]))))),a11,FALSE,TRUE,6.1074,3,7.932,0,0,7.69572353,SP3,0.89483,4.6915,7.360734688,168.5716,168.57285,1.08401269,171,48.0867255,65.31622315,125.643013,49.49362635
50,25_NWChem_1JCH_mulliken,[H]C([H])([H])C1([H])(C2([H])(C1([H])C3([H])(C4([H])(C2([H])C34([H]))))),a12,FALSE,TRUE,6.10741,3,7.932,0,0,7.69572353,SP3,0.89484,4.6915,7.360734688,168.5741,168.57285,1.08401267,171,48.08724305,65.31643705,125.6431814,49.49402175
51,25_NWChem_1JCH_mulliken,[H]C([H])([H])C1([H])(C2([H])(C1([H])C3([H])(C4([H])(C2([H])C34([H]))))),a13,FALSE,TRUE,6.12375,3,7.0009375,0,0,7.700262063,SP3,0.89165,4.22596875,7.360822177,213.1356,213.1356,1.076848987,208.8,116.7327897,116.7327897,143.5023805,48.92334911
52,25_NWChem_1JCH_mulliken,[H]C([H])([H])C1([H])(C2([H])(C1([H])C3([H])(C4([H])(C2([H])C34([H]))))),a9,FALSE,TRUE,6.18043,3,7.0009375,0,0,7.700262063,SP3,0.89011,4.22596875,7.360822177,217.4693,217.4693,1.076570087,215,113.7966056,113.7966056,144.0710727,47.98523438
53,26_NWChem_1JCH_mulliken,[H]C12(C3([H])(C1([H])C4([H])(C2([H])C34([H])))),a7,FALSE,TRUE,6.10477,3,6.481,0,0,7.700264357,SP3,0.89533,3.966,7.360822177,184.9592,184.9851667,1.080601203,180,88.41148321,88.41148321,137.2299282,49.4737711
54,26_NWChem_1JCH_mulliken,[H]C12(C3([H])(C1([H])C4([H])(C2([H])C34([H])))),a8,FALSE,TRUE,6.1046,3,6.481,0,0,7.700264357,SP3,0.89533,3.966,7.360822177,184.9942,184.9851667,1.080522285,180,88.40022538,88.40022538,137.2193866,49.47746025
55,26_NWChem_1JCH_mulliken,[H]C12(C3([H])(C1([H])C4([H])(C2([H])C34([H])))),a9,FALSE,TRUE,6.10465,3,6.481,0,0,7.700264357,SP3,0.89533,3.966,7.360822177,185.0021,184.9851667,1.080576014,180,88.41830244,88.41830244,137.2641738,49.45876865
56,27_NWChem_1JCH_mulliken,[H]C12(C3([H])(C4([H])(C1([H])C5([H])(C2([H])C3([H])C45([H]))))),a9,FALSE,TRUE,6.10821,3,7.424125,0,0,7.700264357,SP3,0.89172,4.4375625,7.360822177,154.9931,155.01585,1.088401876,153.8,58.39171484,58.39171484,144.7277019,19.46680947
57,27_NWChem_1JCH_mulliken,[H]C12(C3([H])(C4([H])(C1([H])C5([H])(C2([H])C3([H])C45([H]))))),a10,FALSE,TRUE,6.10827,3,7.424125,0,0,7.700264357,SP3,0.89172,4.4375625,7.360822177,155.0171,155.01585,1.088396147,153.8,58.41058672,58.41058672,144.729871,19.47301894
58,27_NWChem_1JCH_mulliken,[H]C12(C3([H])(C4([H])(C1([H])C5([H])(C2([H])C3([H])C45([H]))))),a11,FALSE,TRUE,6.10828,3,7.424125,0,0,7.700264357,SP3,0.89173,4.4375625,7.360822177,155.0222,155.01585,1.088395283,153.8,58.41537009,58.41537009,144.7334495,19.47494504
59,27_NWChem_1JCH_mulliken,[H]C12(C3([H])(C4([H])(C1([H])C5([H])(C2([H])C3([H])C45([H]))))),a12,FALSE,TRUE,6.10832,3,7.424125,0,0,7.700264357,SP3,0.89173,4.4375625,7.360822177,155.031,155.01585,1.088392115,153.8,58.422329,58.422329,144.7343949,19.47469205
60,29_NWChem_1JCH_mulliken,[H]C([H])([H])C1([H])(C2([H])(C1([H])C3([H])(C4([H])(C2([H])C34([H]))))),a15,FALSE,TRUE,6.06251,3,7.49675,0,0,7.644607641,SP3,0.88268,4.473875,7.357665243,150.3327,150.3327,1.086444319,149.5,18.20857352,81.29326273,115.3255579,49.75091812
61,29_NWChem_1JCH_mulliken,[H]C([H])([H])C1([H])(C2([H])(C1([H])C3([H])(C4([H])(C2([H])C34([H]))))),a10,FALSE,TRUE,6.09359,3,7.520875,0,0,7.70013377,SP3,0.88914,4.4859375,7.36082143,166.2005,166.2025,1.083693711,165,50.26006273,53.47415245,124.428692,51.86710759
62,29_NWChem_1JCH_mulliken,[H]C([H])([H])C1([H])(C2([H])(C1([H])C3([H])(C4([H])(C2([H])C34([H]))))),a8,FALSE,TRUE,6.09362,3,7.520875,0,0,7.70013377,SP3,0.88914,4.4859375,7.36082143,166.2045,166.2025,1.083682459,165,50.26109475,53.47600627,124.4325315,51.86855051
63,29_NWChem_1JCH_mulliken,[H]C([H])([H])C1([H])(C2([H])(C1([H])C3([H])(C4([H])(C2([H])C34([H]))))),a11,FALSE,TRUE,6.10327,3,7.932,0,0,7.69572353,SP3,0.8903,4.6915,7.360734688,168.4779,168.48195,1.083886065,170,46.63394616,66.39468975,125.6410246,49.32952341
64,29_NWChem_1JCH_mulliken,[H]C([H])([H])C1([H])(C2([H])(C1([H])C3([H])(C4([H])(C2([H])C34([H]))))),a12,FALSE,TRUE,6.10322,3,7.932,0,0,7.69572353,SP3,0.89031,4.6915,7.360734688,168.486,168.48195,1.083877649,170,46.64011201,66.39371195,125.6436359,49.32955847
65,29_NWChem_1JCH_mulliken,[H]C([H])([H])C1([H])(C2([H])(C1([H])C3([H])(C4([H])(C2([H])C34([H]))))),a13,FALSE,TRUE,6.13288,3,7.0009375,0,0,7.700262063,SP3,0.88935,4.22596875,7.360822177,213.6112,213.6112,1.076832404,209.1,117.1222172,117.1222172,143.8707509,48.91911867
66,29_NWChem_1JCH_mulliken,[H]C([H])([H])C1([H])(C2([H])(C1([H])C3([H])(C4([H])(C2([H])C34([H]))))),a9,FALSE,TRUE,6.16191,3,7.0009375,0,0,7.700262063,SP3,0.89122,4.22596875,7.360822177,218.4595,218.4595,1.076560988,215,113.0902591,113.0902591,144.8382661,47.6263502
67,6_NWChem_1JCH_mulliken,[H]C1([H])(C([H])([H])C1([H])([H])),a4,FALSE,TRUE,6.22139,2,4.74,0,0,7.500560113,SP3,0.8893,3.0955,7.33433776,161.4416,161.4416,1.082878894,160.3,32.33715342,66.60284747,122.8708415,49.47000045
68,6_NWChem_1JCH_mulliken,[H]C1([H])(C([H])([H])C1([H])([H])),a6,FALSE,TRUE,6.22139,2,4.74,0,0,7.500560113,SP3,0.8893,3.0955,7.33433776,161.4416,161.4416,1.082878898,160.3,32.33715235,66.6028472,122.8708419,49.46999978
69,68_NWChem_1JCH_mulliken,[H]N1C([H])([H])C1([H])([H]),a5,FALSE,TRUE,6.1224,2,4.5765,0,0,8.05803153,SP3,0.89912,3.01375,7.441271925,162.9646,168.808875,1.085129817,168,34.13965655,65.22720447,123.2887277,49.68343051
70,68_NWChem_1JCH_mulliken,[H]N1C([H])([H])C1([H])([H]),a8,FALSE,TRUE,6.12241,2,4.5765,0,0,8.05803153,SP3,0.89912,3.01375,7.441271925,162.9668,168.808875,1.085128811,168,34.14161195,65.22618402,123.2885789,49.68389798
71,68_NWChem_1JCH_mulliken,[H]N1C([H])([H])C1([H])([H]),a6,FALSE,TRUE,6.1224,2,4.5765,0,0,8.05803153,SP3,0.88509,3.01375,7.441271925,174.652,168.808875,1.084078684,168,31.79231961,67.57454141,121.8448624,49.68343051
72,68_NWChem_1JCH_mulliken,[H]N1C([H])([H])C1([H])([H]),a7,FALSE,TRUE,6.12241,2,4.5765,0,0,8.05803153,SP3,0.88509,3.01375,7.441271925,174.6521,168.808875,1.084078749,168,31.79289235,67.57490362,121.8438627,49.68389798
73,69_NWChem_1JCH_mulliken,[H]C1([H])(C([H])([H])S1),a4,FALSE,TRUE,6.30872,2,6.489,0,0,8.004979932,SP3,0.85119,3.97,7.40893679,170.3365,170.3365,1.083691059,170.6,28.63461407,57.68933681,122.1691313,43.16197544
74,7_NWChem_1JCH_mulliken,[H]C1([H])(C([H])([H])C([H])([H])C1([H])([H])),a6,FALSE,TRUE,6.20375,2,5.4655,0,0,7.500560113,SP3,0.89827,3.45825,7.33433776,133.113,133.16815,1.091209297,133.6,9.139528174,29.80248229,125.8999136,19.47100523
75,7_NWChem_1JCH_mulliken,[H]C1([H])(C([H])([H])C([H])([H])C1([H])([H])),a5,FALSE,TRUE,6.20375,2,5.4655,0,0,7.500560113,SP3,0.89799,3.45825,7.33433776,133.2233,133.16815,1.091210393,133.6,9.418888288,29.52312218,126.122011,19.47100523
76,70_NWChem_1JCH_mulliken,[H]C1([H])(OC1([H])([H])),a4,FALSE,TRUE,6.02138,2,3.953,0,0,8.642204129,SP3,0.89464,2.702,7.531642712,174.7062,174.7062,1.0863455,175.7,34.47686735,65.95727047,121.8957695,50.21706891
77,71_NWChem_1JCH_mulliken,[H]N1C([H])([H])C([H])([H])C1([H])([H]),a7,FALSE,TRUE,6.08473,2,5.302,0,0,7.952916869,SP3,0.9193,3.3765,7.433805613,133.3629,140.8191,1.09714432,140,7.614010134,33.69499129,123.241152,20.65450071
78,71_NWChem_1JCH_mulliken,[H]N1C([H])([H])C([H])([H])C1([H])([H]),a9,FALSE,TRUE,6.08474,2,5.302,0,0,7.952916869,SP3,0.91929,3.3765,7.433805613,133.3664,140.8191,1.09714261,140,7.617991229,33.69139354,123.2439597,20.65469239
79,71_NWChem_1JCH_mulliken,[H]N1C([H])([H])C([H])([H])C1([H])([H]),a10,FALSE,TRUE,6.24691,2,5.38375,0,0,7.725847938,SP3,0.89097,3.417375,7.350323844,135.504,136.5067,1.089917689,134,7.451820261,39.07997875,121.5027993,23.26589951
80,71_NWChem_1JCH_mulliken,[H]N1C([H])([H])C([H])([H])C1([H])([H]),a11,FALSE,TRUE,6.24691,2,5.38375,0,0,7.725847938,SP3,0.89271,3.417375,7.350323844,137.5094,136.5067,1.089351435,134,17.3493749,29.18242411,129.0356884,23.26589951
81,71_NWChem_1JCH_mulliken,[H]N1C([H])([H])C([H])([H])C1([H])([H]),a8,FALSE,TRUE,6.08474,2,5.302,0,0,7.952916869,SP3,0.89288,3.3765,7.433805613,148.2724,140.8191,1.092701255,140,13.42672022,27.88266455,127.8594444,20.65469239
82,71_NWChem_1JCH_mulliken,[H]N1C([H])([H])C([H])([H])C1([H])([H]),a6,FALSE,TRUE,6.08473,2,5.302,0,0,7.952916869,SP3,0.89288,3.3765,7.433805613,148.2747,140.8191,1.092701481,140,13.4302355,27.87876592,127.8625343,20.65450071
83,72_NWChem_1JCH_mulliken,[H]C1([H])(C([H])([H])SC1([H])([H])),a10,FALSE,TRUE,6.13636,2,6.34,0,0,7.66144359,SP3,0.88785,3.8955,7.344874898,132.4521,132.5121,1.091011194,134.6,1.539058226,23.75893726,122.1834841,12.64899774
84,72_NWChem_1JCH_mulliken,[H]C1([H])(C([H])([H])SC1([H])([H])),a9,FALSE,TRUE,6.13636,2,6.34,0,0,7.66144359,SP3,0.88627,3.8955,7.344874898,132.5721,132.5121,1.092782318,134.6,10.1791096,15.11888588,129.5885819,12.64899774
85,72_NWChem_1JCH_mulliken,[H]C1([H])(C([H])([H])SC1([H])([H])),a5,FALSE,TRUE,6.37094,2,7.2145,0,0,7.928858096,SP3,0.86031,4.33275,7.404150071,145.729,147.00965,1.09026677,146.5,6.900283194,29.1397362,122.575935,18.0200097
86,72_NWChem_1JCH_mulliken,[H]C1([H])(C([H])([H])SC1([H])([H])),a7,FALSE,TRUE,6.37095,2,7.2145,0,0,7.928858096,SP3,0.86032,4.33275,7.404150071,145.7505,147.00965,1.090245421,146.5,6.930813743,29.10954986,122.6016913,18.0201818
87,72_NWChem_1JCH_mulliken,[H]C1([H])(C([H])([H])SC1([H])([H])),a8,FALSE,TRUE,6.37095,2,7.2145,0,0,7.928858096,SP3,0.85863,4.33275,7.404150071,148.2681,147.00965,1.089058043,146.5,12.26424867,23.77611493,126.8740643,18.0201818
88,72_NWChem_1JCH_mulliken,[H]C1([H])(C([H])([H])SC1([H])([H])),a6,FALSE,TRUE,6.37094,2,7.2145,0,0,7.928858096,SP3,0.85864,4.33275,7.404150071,148.291,147.00965,1.089074429,146.5,12.29617221,23.74384718,126.8992904,18.0200097
89,73_NWChem_1JCH_mulliken,[H]C1([H])(OC([H])([H])C1([H])([H])),a10,FALSE,TRUE,6.29302,2,5.072,0,0,7.925593852,SP3,0.88777,3.2615,7.362600992,135.3549,135.7114,1.089380137,137.4,11.75255717,37.24780052,124.4554653,24.50017884
90,73_NWChem_1JCH_mulliken,[H]C1([H])(OC([H])([H])C1([H])([H])),a9,FALSE,TRUE,6.29302,2,5.072,0,0,7.925593852,SP3,0.8864,3.2615,7.362600992,136.0679,135.7114,1.089294055,137.4,14.12093423,34.87942346,126.2360317,24.50017884
91,73_NWChem_1JCH_mulliken,[H]C1([H])(OC([H])([H])C1([H])([H])),a5,FALSE,TRUE,5.95584,2,4.6785,0,0,8.44129923,SP3,0.90771,3.06475,7.517914641,147.5333,148.2455,1.09417714,149.5,8.784896138,26.79344337,124.8174875,17.78916975
92,73_NWChem_1JCH_mulliken,[H]C1([H])(OC([H])([H])C1([H])([H])),a6,FALSE,TRUE,5.95584,2,4.6785,0,0,8.44129923,SP3,0.9042,3.06475,7.517914641,148.9577,148.2455,1.093248284,149.5,9.915596361,25.66274315,125.7338912,17.78916975
93,87_NWChem_1JCH_mulliken,[H]C1=C([H])C1([H])([H]),a4,FALSE,TRUE,6.20312,2,4.965,0,0,7.828799491,SP3,0.90685,3.208,7.387476636,169.5486,169.5486,1.089885051,167.6,38.56268958,79.22028678,123.1528762,58.89148818
94,88_NWChem_1JCH_mulliken,[H]C1=C([H])C([H])([H])C1([H])([H]),a6,FALSE,TRUE,6.19881,2,5.63425,0,0,7.694272402,SP3,0.89652,3.542625,7.363071698,137.5407,137.5407,1.093351478,137.2,12.21489351,35.61949833,125.6180019,23.91719592
